dataset,model,clean_acc_pct,strict_acc_pct,delta_pct,n_clean,n_strict
AL6,baseline,99.33920704845815,99.32885906040269,-0.010347988055457336,454,447
ASP,baseline,70.4564785937057,70.147954743255,-0.3085238504506975,3527,3447
AS25,baseline,63.5116598079561,63.029031129765656,-0.4826286781904443,2916,2859
AL6,aafnet,99.33920704845815,99.32885906040269,-0.010347988055457336,454,447
ASP,aafnet,72.41281542387298,72.20771685523644,-0.20509856863654363,3527,3447
AS25,aafnet,65.15775034293553,64.74291710388248,-0.4148332390530527,2916,2859
