raw_dataset,analysis_variant,n_train,n_test,n_total,n_classes,class_imbalance_max_min,exact_cross_split_duplicates_raw,near_duplicate_pairs_raw,clean_train_dropped,clean_test_dropped,strict_train_dropped,strict_test_dropped
AL6,AL6,1815,454,2269,6,4.025316455696203,0,7,0,0,0,7
AL6,AL6_strict,1815,447,2262,6,4.038216560509555,0,7,0,0,0,7
ASP,ASP,8603,3688,12291,9,1.8776908023483365,137,200,161,161,161,241
ASP,ASP_clean,8442,3527,11969,9,1.9239465570400822,137,200,161,161,161,241
ASP,ASP_strict,8442,3447,11889,9,1.927685950413223,137,200,161,161,161,241
AS25,AS25,7079,3034,10113,25,2.5899280575539567,103,170,137,118,137,175
AS25,AS25_clean,6942,2916,9858,25,2.624087591240876,103,170,137,118,137,175
AS25,AS25_strict,6942,2859,9801,25,2.662962962962963,103,170,137,118,137,175
