{
  "ASP_clean": {
    "baseline": {
      "n_seeds": 3,
      "test_acc_mean": 0.7095616024187453,
      "test_acc_std": 0.0037413057205637635,
      "macro_f1_mean": 0.7098167380425506,
      "macro_f1_std": 0.002874716085715485,
      "weighted_f1_mean": 0.7089710794710804,
      "raw_accs": [
        0.7046485260770975,
        0.7103174603174603,
        0.713718820861678
      ]
    },
    "aafnet": {
      "n_seeds": 3,
      "test_acc_mean": 0.7243008314436886,
      "test_acc_std": 0.0030204775818491575,
      "macro_f1_mean": 0.7260768646497545,
      "macro_f1_std": 0.002386367609646536,
      "weighted_f1_mean": 0.7252250489464411,
      "raw_accs": [
        0.7239229024943311,
        0.7208049886621315,
        0.7281746031746031
      ]
    }
  },
  "AS25_clean": {
    "baseline": {
      "n_seeds": 3,
      "test_acc_mean": 0.647119341563786,
      "test_acc_std": 0.008743174748958835,
      "macro_f1_mean": 0.6453500524680226,
      "macro_f1_std": 0.010127581513717104,
      "weighted_f1_mean": 0.6468116595715955,
      "raw_accs": [
        0.635116598079561,
        0.6505486968449932,
        0.6556927297668038
      ]
    },
    "aafnet": {
      "n_seeds": 3,
      "test_acc_mean": 0.6452903520804756,
      "test_acc_std": 0.0054893494300608065,
      "macro_f1_mean": 0.6437585688221984,
      "macro_f1_std": 0.005607526342603364,
      "weighted_f1_mean": 0.6459430435785549,
      "raw_accs": [
        0.6515775034293553,
        0.6382030178326474,
        0.6460905349794238
      ]
    }
  }
}
