{
  "n_models": 6,
  "n_folds_per_model": 15,
  "models": [
    "baseline",
    "aafnet",
    "rn50_aug_only",
    "efficientnet_v2_s",
    "convnext_tiny",
    "capsnet"
  ],
  "fold_accs": {
    "baseline": [
      0.9824561403508771,
      0.9912280701754386,
      0.9890350877192983,
      0.9912280701754386,
      0.9890350877192983,
      0.9868421052631579,
      0.9824561403508771,
      0.9868421052631579,
      0.9824561403508771,
      0.9868421052631579,
      0.9846491228070176,
      0.9780701754385965,
      0.9868421052631579,
      0.993421052631579,
      0.9912280701754386
    ],
    "aafnet": [
      0.993421052631579,
      0.9956140350877193,
      0.9912280701754386,
      0.9868421052631579,
      0.9890350877192983,
      0.9956140350877193,
      0.993421052631579,
      0.993421052631579,
      0.9890350877192983,
      0.9868421052631579,
      0.9868421052631579,
      0.9912280701754386,
      0.9912280701754386,
      0.993421052631579,
      0.993421052631579
    ],
    "rn50_aug_only": [
      0.9846491228070176,
      0.993421052631579,
      0.9846491228070176,
      0.9912280701754386,
      0.9890350877192983,
      0.993421052631579,
      0.993421052631579,
      0.9912280701754386,
      0.9890350877192983,
      0.993421052631579,
      0.9890350877192983,
      0.9824561403508771,
      0.9890350877192983,
      0.9912280701754386,
      0.9846491228070176
    ],
    "efficientnet_v2_s": [
      0.9890350877192983,
      0.9978070175438597,
      0.993421052631579,
      0.993421052631579,
      0.9890350877192983,
      0.9802631578947368,
      0.9868421052631579,
      0.9868421052631579,
      0.9824561403508771,
      0.9890350877192983,
      0.9912280701754386,
      0.9890350877192983,
      0.9890350877192983,
      0.9890350877192983,
      0.9890350877192983
    ],
    "convnext_tiny": [
      0.9890350877192983,
      0.9890350877192983,
      0.993421052631579,
      0.9868421052631579,
      0.9846491228070176,
      0.9890350877192983,
      0.9890350877192983,
      0.9912280701754386,
      0.9868421052631579,
      0.9868421052631579,
      0.9890350877192983,
      0.9868421052631579,
      0.9868421052631579,
      0.9890350877192983,
      0.9890350877192983
    ],
    "capsnet": [
      0.881578947368421,
      0.875,
      0.8837719298245614,
      0.9013157894736842,
      0.9057017543859649,
      0.9100877192982456,
      0.9035087719298246,
      0.9013157894736842,
      0.9013157894736842,
      0.918859649122807,
      0.8925438596491229,
      0.9122807017543859,
      0.9057017543859649,
      0.8925438596491229,
      0.9144736842105263
    ]
  },
  "mean": {
    "baseline": 0.9868421052631577,
    "aafnet": 0.9913742690058478,
    "rn50_aug_only": 0.9893274853801167,
    "efficientnet_v2_s": 0.9890350877192982,
    "convnext_tiny": 0.9884502923976606,
    "capsnet": 0.8999999999999999
  },
  "std": {
    "baseline": 0.004083111123909052,
    "aafnet": 0.0029385601231347795,
    "rn50_aug_only": 0.0035691683086940774,
    "efficientnet_v2_s": 0.004083111123909068,
    "convnext_tiny": 0.002036314075611729,
    "capsnet": 0.012217884453670277
  },
  "friedman": {
    "statistic": 42.9637096774194,
    "p_value": 3.758189215089614e-08,
    "alpha": 0.05
  },
  "wilcoxon_pvals": {
    "baseline__vs__aafnet": 0.007486545790219703,
    "baseline__vs__rn50_aug_only": 0.057779571123597245,
    "baseline__vs__efficientnet_v2_s": 0.0642237807398604,
    "baseline__vs__convnext_tiny": 0.12604857771962663,
    "baseline__vs__capsnet": 6.103515625e-05,
    "aafnet__vs__rn50_aug_only": 0.15601603599625435,
    "aafnet__vs__efficientnet_v2_s": 0.17443739643454736,
    "aafnet__vs__convnext_tiny": 0.0038512700757383405,
    "aafnet__vs__capsnet": 6.103515625e-05,
    "rn50_aug_only__vs__efficientnet_v2_s": 0.9438552703770587,
    "rn50_aug_only__vs__convnext_tiny": 0.4729256508667098,
    "rn50_aug_only__vs__capsnet": 6.103515625e-05,
    "efficientnet_v2_s__vs__convnext_tiny": 0.6542355239313074,
    "efficientnet_v2_s__vs__capsnet": 6.103515625e-05,
    "convnext_tiny__vs__capsnet": 6.103515625e-05
  },
  "holm_reject": {
    "baseline__vs__aafnet": false,
    "baseline__vs__rn50_aug_only": false,
    "baseline__vs__efficientnet_v2_s": false,
    "baseline__vs__convnext_tiny": false,
    "baseline__vs__capsnet": true,
    "aafnet__vs__rn50_aug_only": false,
    "aafnet__vs__efficientnet_v2_s": false,
    "aafnet__vs__convnext_tiny": true,
    "aafnet__vs__capsnet": true,
    "rn50_aug_only__vs__efficientnet_v2_s": false,
    "rn50_aug_only__vs__convnext_tiny": false,
    "rn50_aug_only__vs__capsnet": true,
    "efficientnet_v2_s__vs__convnext_tiny": false,
    "efficientnet_v2_s__vs__capsnet": true,
    "convnext_tiny__vs__capsnet": true
  },
  "mean_rank": {
    "baseline": 3.8666666666666667,
    "aafnet": 2.033333333333333,
    "rn50_aug_only": 2.8333333333333335,
    "efficientnet_v2_s": 2.8,
    "convnext_tiny": 3.466666666666667,
    "capsnet": 6.0
  }
}
